,,iou,iou,iou,iou,iou,iou,iou,iou,dice,dice,dice,dice,dice,dice,dice,dice,precision,precision,precision,precision,precision,precision,precision,precision,recall,recall,recall,recall,recall,recall,recall,recall,negative_predictive_value,negative_predictive_value,negative_predictive_value,negative_predictive_value,negative_predictive_value,negative_predictive_value,negative_predictive_value,negative_predictive_value,specificity,specificity,specificity,specificity,specificity,specificity,specificity,specificity
,,count,mean,std,min,25%,50%,75%,max,count,mean,std,min,25%,50%,75%,max,count,mean,std,min,25%,50%,75%,max,count,mean,std,min,25%,50%,75%,max,count,mean,std,min,25%,50%,75%,max,count,mean,std,min,25%,50%,75%,max
level_0,level_2,,,,,,,,,,,,,,,,,,,,,,,,,,,,,,,,,,,,,,,,,,,,,,,,
efficientnet,derm1,5.0,0.1610836530153746,0.008752445192000927,0.14877917628244147,0.1562478372259716,0.16414553930716141,0.1647199150001293,0.17152579726116934,5.0,0.261596528668939,0.012252184633361526,0.2437179452966761,0.25594283483008384,0.26558306153210465,0.2667897933045665,0.2759490083812639,5.0,0.25006008084444636,0.01728196922740643,0.223633877484925,0.24247142197051033,0.2564678869061927,0.2609827132149568,0.266744504645647,5.0,0.4190681441849522,0.009392411689968079,0.40889236821005104,0.4132731614432771,0.41555709193638757,0.42619721309005354,0.4314208862449919,5.0,0.8999139873328599,0.001618331705665693,0.8972458224445161,0.8997336716872198,0.9003430227411588,0.9007970267961042,0.9014503929952997,5.0,0.8115294319698734,0.013900956935248216,0.7871665253159312,0.8146981689047693,0.8165182136671886,0.8170670668020524,0.8221971851594255
efficientnet,derm2,5.0,0.1675012953789466,0.006423407031701283,0.1577651177283361,0.1662494480759382,0.16693084273284836,0.17239856585955576,0.17416250249805457,5.0,0.26708464929387044,0.009190197337937767,0.25312595819433725,0.26560685539691536,0.2661639427292055,0.2735049194554926,0.2770215706934014,5.0,0.25785323357099366,0.013633697329243723,0.2384383083325317,0.25434450346677107,0.25626841357268537,0.2650371671921605,0.27517777529081977,5.0,0.47432679516153947,0.010358009733352474,0.4650562360470717,0.47056965103394455,0.471027886763044,0.4728741729506283,0.492106029013009,5.0,0.8857322941446297,0.008994617190590472,0.8787885302866826,0.8804217433157516,0.8828976197490737,0.8853609636401569,0.9011926137314836,5.0,0.781564457956132,0.0034239882512895623,0.7764029818872799,0.780364343832821,0.7823859964998755,0.7831528194140484,0.7855161481466355
efficientnet,derm3,5.0,0.20490138289191978,0.007564751840119139,0.19701154750681613,0.20037458283641446,0.20208370644805715,0.20918844644618695,0.21584863122212417,5.0,0.32089432662328904,0.009709488098163167,0.310906700594578,0.31562200981759236,0.3168769065687125,0.3256545547036115,0.33541146143195105,5.0,0.3343935006953626,0.014121274758694721,0.3167481614300175,0.32509694852217585,0.33807456145470816,0.3384155524498147,0.3536322796200968,5.0,0.4459963545009121,0.010839530529216278,0.4295834531846232,0.44074048511512637,0.44991880166996473,0.4546219233624167,0.4551171091724293,5.0,0.8464209755906648,0.0035485076944521197,0.8407894452849961,0.8460189733154644,0.8464047777163698,0.8491359970219469,0.8497556846145468,5.0,0.8045297652069923,0.007790085526418112,0.7912347426308709,0.8060196414793086,0.806635324837057,0.8069006473662699,0.8118584697214551
efficientnet,derm4,5.0,0.1798296055262413,0.007397668696038206,0.16938589091865644,0.1782485306426102,0.1794013944445298,0.1822084403134783,0.18990377131193167,5.0,0.2831399105245991,0.009635505736974656,0.27004251531704465,0.28066674302386085,0.28184719866028385,0.2865786806035872,0.29656441501821906,5.0,0.28467772842030203,0.006587423137397252,0.2754518193916443,0.2809137095096439,0.2866417494813455,0.28799424740478086,0.2923871163140959,5.0,0.44315760118420944,0.019241455394079263,0.41431811970995297,0.4340853394045696,0.44904401186394055,0.456051613651638,0.46228892129094584,5.0,0.8566409881855737,0.007456053067540728,0.8463061087095254,0.8512367033691468,0.8603006020238111,0.862634189873165,0.8627273369522204,5.0,0.7874460288925101,0.0078101113598294065,0.7779313000955208,0.7829548669520037,0.7867472826841015,0.7912848492484549,0.7983118454824703
efficientnet,derm5,5.0,0.17390471320253945,0.007749745954589633,0.160804742557717,0.17356800924220672,0.1769553415434108,0.17747441609293116,0.18072105657643148,5.0,0.27751667104871186,0.011470873118733177,0.258461935885209,0.2764499692417423,0.2817972292434704,0.28241113647138555,0.28846308440175195,5.0,0.2620187503485966,0.0063109702096232935,0.2525516023859605,0.260065214174501,0.26240052978077266,0.2659896999168765,0.2690867054848727,5.0,0.44642156831306823,0.012571345534451904,0.428637957466727,0.4432178397323013,0.44652283167906814,0.45024985458151795,0.4634793581057264,5.0,0.8899085880150082,0.0077858931137222386,0.8771163936705619,0.8882553771526199,0.8926339715136239,0.8957659177741607,0.8957712799640746,5.0,0.8010363044178277,0.014893884687227459,0.7754522636974818,0.8027159046378911,0.8053502674255071,0.8077135849539836,0.8139495013742752
efficientnet,derm6,5.0,0.17476226314504933,0.00026225582225275533,0.17446008944137015,0.17457012991733084,0.1747525370211187,0.17491485864145098,0.17511370070397606,5.0,0.28174756072377505,0.00044464350659654796,0.2811676502337177,0.2815024456948293,0.2817162165538487,0.2820600155831595,0.28229147555332,5.0,0.2912407360407043,0.011523489349542207,0.2749673827523706,0.28352060521761824,0.2966268924183383,0.2990255554845267,0.30206324433066756,5.0,0.42247689522098675,0.012874718112346813,0.40898007590559554,0.41230482086805814,0.41958868037041536,0.432890449816331,0.4386204491445335,5.0,0.8522981284693865,0.010085915924555964,0.8422460753740083,0.8431695224263018,0.8512962189544108,0.8594014604014785,0.8653773651907333,5.0,0.7992149070658559,0.005539726748681712,0.791254450156978,0.7968263737605317,0.8002919831996215,0.801667284946063,0.8060344432660852
efficientnet,derm7,5.0,0.15916085963125387,0.0075879395249556685,0.14666235685329293,0.15762858816127714,0.1618971873754165,0.1643196532810778,0.16529651248520494,5.0,0.25578132085813393,0.01111318354370804,0.23793860034913156,0.253180764826596,0.2581904150350989,0.2643155944997482,0.26528122958009503,5.0,0.24566308839841922,0.013361801625908458,0.22645769982188504,0.23694426283304595,0.2533205417348909,0.2541718591906721,0.25742107841160206,5.0,0.46128021380219686,0.015452598100968775,0.4377626414586951,0.45312154071343025,0.4712909742942145,0.47157487992904085,0.47265103261560343,5.0,0.8896539107139741,0.007037388294592433,0.8837934613570416,0.8847433561051927,0.8856692176476951,0.8943024876676253,0.8997610307923151,5.0,0.785883020046933,0.009038020851880796,0.7738303238243097,0.7833252239092885,0.7838968851000022,0.7901030543240615,0.7982596130770032
efficientnet,derm8,5.0,0.20756259742999048,0.004928807683724665,0.2011073737430119,0.20603058725277415,0.20691101467834352,0.2091056343328906,0.21465837714293212,5.0,0.3201882148597331,0.007212675569937971,0.31169813480135267,0.3164070030429306,0.31957607939331284,0.32225124873834515,0.3310086083227239,5.0,0.33224822445651225,0.007903472404977702,0.3240413257227972,0.3250242802873035,0.3321661745082367,0.3377698002438789,0.3422395415203448,5.0,0.44568092534378206,0.014378069722343272,0.43131384114452526,0.4343237961030061,0.4446858655129614,0.4508684099782405,0.46721271398017683,5.0,0.8448816327249216,0.0033175260503265393,0.8411923581952149,0.8414196166806998,0.8466307007979209,0.846959698377685,0.8482057895730875,5.0,0.8015812725859341,0.005629278809803305,0.7963792445700006,0.7964517942189869,0.8012611970846445,0.804030265895725,0.8097838611603135
inception,derm1,5.0,0.16938286351250106,0.006319788985686053,0.15881869849300181,0.16935518464130084,0.17041121482319208,0.17333730059998975,0.17499191900502087,5.0,0.2755166043080286,0.0085135893360036,0.2617902498553154,0.2740369858700904,0.2768278007356681,0.2817321818759542,0.283195803203115,5.0,0.23603290349622813,0.013726626196923726,0.21509681880803214,0.23557058029620892,0.23557253796593186,0.2407965478298528,0.2531280325811149,5.0,0.5110873889305648,0.017085675186047315,0.49149227958604347,0.4973885308748478,0.5123828755066108,0.5206669529099582,0.5335063057753638,5.0,0.9161213125553302,0.006745520083920356,0.9078256323457226,0.91138231571141,0.9163736007684088,0.9203943259154415,0.9246306880356685,5.0,0.7764496949567441,0.00975200764460792,0.76476659863716,0.7694331467573758,0.7779070005290734,0.7803854050903022,0.7897563237698092
inception,derm2,5.0,0.19466791062557418,0.007644414119019716,0.18345153095921587,0.19122276296114593,0.1963908318045393,0.19896928477301898,0.20330514262995078,5.0,0.30838207878993107,0.010170989698486862,0.29391280485287335,0.3029200083940569,0.31140062452209516,0.31348668544162883,0.3201902707390009,5.0,0.28483321694512986,0.018246119909134828,0.26367179341541574,0.2661308566523411,0.29642530578982096,0.29877088725767115,0.2991672416104002,5.0,0.5407151376501323,0.014136754767820515,0.5184521451402864,0.5395551108823657,0.5426147475172969,0.5456816827417534,0.5572720019689597,5.0,0.8907415537194556,0.011124665296142863,0.8764752254393029,0.8843773698295849,0.8914321487713951,0.8956260091686842,0.9057970153883114,5.0,0.7850172959450586,0.00960741923571698,0.772269456857196,0.7773081835202316,0.7905881990786825,0.7908110745800323,0.794109565689151
inception,derm3,5.0,0.23475164693811373,0.008857303624214297,0.22598037906355767,0.2282094025509115,0.23109879083929918,0.24357669505957036,0.24489296717722997,5.0,0.3629819982546757,0.012407234491776487,0.34943332682276107,0.3547258991764926,0.3585478430347158,0.37585060545550764,0.3763523167839014,5.0,0.3518960990162131,0.01640678363256534,0.33026503331659524,0.3401614770403087,0.3559129755645798,0.3630838022730872,0.3700572068864947,5.0,0.5225101772360031,0.013501753145859205,0.5016871782109144,0.5214032485719923,0.5217728739909883,0.5295471965272792,0.5381403888788414,5.0,0.861531462528576,0.009767133319946074,0.8519692512524241,0.853379018107267,0.8586787930441738,0.870393122505127,0.8732371277338883,5.0,0.7980455873428329,0.009998753882726506,0.7807755931066663,0.7981297629975659,0.8023221995181075,0.8043833281157584,0.8046170529760663
inception,derm4,5.0,0.19115476737093107,0.006095506841245885,0.18370882089848234,0.18878344239914402,0.18957241814038087,0.1936862967262786,0.20002285869036954,5.0,0.30569135199661657,0.007728177452798117,0.2957699717681515,0.3026399783200247,0.30417596260040647,0.3094782075103415,0.3163926397841587,5.0,0.29704475039397377,0.007751254888381372,0.28656839669280315,0.29223954878079145,0.29770217021512096,0.3041129024992079,0.3046007337819452,5.0,0.47660037643626163,0.00730138032250213,0.46944562637410514,0.47069017056153684,0.4751758756157996,0.4806734920254551,0.4870167176044117,5.0,0.8563725836512519,0.004949500295172387,0.8481287135494605,0.8564080286469402,0.8579294386532657,0.8580427612373475,0.8613539761692458,5.0,0.7842672084647854,0.004704447582852135,0.776796886277605,0.7830803127159127,0.7851224073268889,0.7878982576052536,0.7884381783982666
inception,derm5,5.0,0.18403814626604895,0.005855775294866664,0.17751658909350324,0.17981412892831178,0.18329651359201832,0.1875168653886648,0.19204663432774657,5.0,0.29510955037113495,0.008961382810840511,0.28414808192510654,0.2901594924948139,0.2942785713742078,0.29925455198633866,0.3077070540752079,5.0,0.26077056375391316,0.007308052720393009,0.24825760019802032,0.26046619855679815,0.2643045639040591,0.2645802451539966,0.2662442109566916,5.0,0.5092983726410552,0.022058178462593354,0.48759752959597386,0.49020525704344003,0.5113478413206054,0.5153287432577072,0.5420124919875496,5.0,0.8879014695225443,0.003665881200270874,0.8845575164719989,0.886022997540748,0.8865408133124262,0.8884069559211502,0.8939790643663985,5.0,0.7807637939156363,0.012406382457131764,0.7630944271959726,0.7740695686292398,0.7830758668090818,0.7895341486768012,0.7940449582670863
inception,derm6,5.0,0.19078680344219204,0.011931836231968944,0.17619736090947954,0.18312315765912485,0.19178237797518097,0.19545907443169183,0.2073720462354829,5.0,0.30784662570853366,0.016139029299452025,0.28744114955215944,0.29747853093122273,0.30995466776907077,0.31501377411028636,0.3293450061799293,5.0,0.2870825811315047,0.017656493295743966,0.2640713092445727,0.2731394925281159,0.2953783322255112,0.29674277264430293,0.3060809990150207,5.0,0.5070658168919524,0.014967252809401229,0.4858758850191164,0.5027465254547073,0.5037963207987506,0.5201120114144542,0.5227983417727339,5.0,0.8651613144570245,0.007168284589395003,0.8570617599892989,0.8618143205416073,0.8635709302141971,0.8671398503307922,0.8762197112092268,5.0,0.7798968240026716,0.006329152726486201,0.7692599050079075,0.7803251677430387,0.7805090531758672,0.7842023413500793,0.7851876527364643
inception,derm7,5.0,0.18243890883187144,0.004402029972830471,0.17686308313782204,0.17939323413214484,0.18365026920009545,0.18411629254753853,0.18817166514175643,5.0,0.2893092312048665,0.006026019688122481,0.2816789250600416,0.28545399911878755,0.28963450595548235,0.29267738162872936,0.2971013442612921,5.0,0.2667052866231276,0.011923769764605014,0.2476119404551182,0.2658787093678999,0.2679778812885789,0.2722882885163154,0.2797696134877258,5.0,0.5315603254671333,0.018081681238591406,0.5112313996932109,0.5252829963671996,0.5264297177768474,0.5346776520141945,0.5601798614842136,5.0,0.8990102194305919,0.013060950611589937,0.890388334208782,0.8935492007207395,0.8938414327294238,0.8951052861050944,0.9221668433889195,5.0,0.7855450946559679,0.007843500068981477,0.7748705897651149,0.7794372113587195,0.7904478524170194,0.7911451768231109,0.7918246429158744
inception,derm8,5.0,0.2404492732029106,0.0032790421789615103,0.23623739431374732,0.23845181762515874,0.24025938630993,0.2430293502498068,0.24426841751591016,5.0,0.36452755051744556,0.0044255546375988036,0.35952757980834477,0.36218896750925783,0.3625782136454822,0.3684855337926821,0.36985745783146057,5.0,0.3638063521682096,0.004469903447983891,0.35876058406506006,0.3607109417593891,0.36264780200707114,0.3680727515032285,0.36883968150629926,5.0,0.51571140737138,0.01552197957602436,0.4924587061594675,0.5071337330975929,0.5241594110777618,0.5258653280594157,0.5289398584626622,5.0,0.8580996617389655,0.005693957228988428,0.8495509509032585,0.8579254233180982,0.8580523104093749,0.8594754556732811,0.8654941683908148,5.0,0.8079565493163235,0.010947129429254758,0.7960915905805922,0.7965148712886425,0.8126048920584822,0.8148365872100111,0.8197348054438893
inceptionresnet,derm1,5.0,0.14907060940357977,0.005437855861311958,0.1445718650881114,0.14525856198052292,0.14553160436666254,0.15437208937600616,0.15561892620659581,5.0,0.24569886575315242,0.007729499304378739,0.23858487725932756,0.23994990330690508,0.24192437681557472,0.2528616733021687,0.2551734980817861,5.0,0.23321098189461353,0.012666986051246913,0.2181063213616171,0.2267663545391791,0.2303319802048747,0.23970381414480144,0.2511464392225955,5.0,0.3623101036621695,0.014963326068244244,0.34652457939248793,0.3525137551423344,0.3633371555222302,0.3634535831870735,0.3857214450667213,5.0,0.9043930602945263,0.006771076929901742,0.8924239972935399,0.90640054125659,0.906734387910797,0.9073128144131916,0.9090935605985139,5.0,0.8462015865823777,0.0014047274788973995,0.8441441366806032,0.8458993755066195,0.8461223923276885,0.8468786460691647,0.8479633823278121
inceptionresnet,derm2,5.0,0.17941638969843823,0.007431679251362483,0.16723480519545425,0.1791628008813133,0.18005500228049,0.18420182033912844,0.18642751979580519,5.0,0.2842600649024063,0.009309812535033962,0.26943964249569624,0.28369612975959035,0.2840311564495146,0.29051943291655696,0.29361396289067343,5.0,0.2882456877641443,0.009733234090019667,0.2733250608681893,0.28551654171387403,0.2895195439086042,0.29386829986807766,0.29899899246197587,5.0,0.3917337209397791,0.023617392301220983,0.3686512174006217,0.3696350265089328,0.38909270026160786,0.4101898635904344,0.4210997969372986,5.0,0.8756463367433002,0.016885830462588954,0.8557553164412846,0.869670789135685,0.8706658535513546,0.880857376550592,0.9012823480375847,5.0,0.8442929213479038,0.0053996036646512535,0.8377480895514087,0.8423903252756765,0.8434159326461574,0.845354664211142,0.8525555950551347
inceptionresnet,derm3,5.0,0.21439918237320654,0.006339020941180228,0.2067594176348071,0.21047724582773636,0.2143968884531258,0.21700925968570883,0.22335310026465446,5.0,0.3374450034012276,0.009119953427239761,0.32726520720775554,0.3312448354447167,0.33704536362912035,0.34085049984435156,0.3508191108801937,5.0,0.36594409096090896,0.013264304887348621,0.344430974740545,0.36409048776498637,0.36769117230720005,0.376137284546391,0.37737053544542254,5.0,0.38552841972486157,0.018834198466751946,0.3581506448979967,0.37797158267165754,0.3868270608506348,0.39760910345680295,0.4070837067472157,5.0,0.8437135120518103,0.011762468429644636,0.8291835187283977,0.8370559146713814,0.8422770998571126,0.8505538073498657,0.8594972196522939,5.0,0.8534790762091209,0.01166311570103862,0.8346375126272014,0.8529323011284304,0.8537995203261431,0.8611536412471501,0.8648724057166793
inceptionresnet,derm4,5.0,0.17446555250257784,0.008484452688662242,0.16363398898731582,0.17158424153520557,0.17219283392768517,0.17862532240688062,0.18629137565580195,5.0,0.2818160157755503,0.01186225052510312,0.2679573427338276,0.275719393383106,0.27895382504611205,0.2875190882647334,0.2989304294499726,5.0,0.30604207211946577,0.01743202391673562,0.2751156611065327,0.3112846790851537,0.3124785774174419,0.3140978965079579,0.3172335464802425,5.0,0.36172121304062244,0.011848140404185848,0.34524104409780987,0.35839694568585156,0.3601082010302292,0.3675868158580415,0.3772730585311801,5.0,0.8411566019241459,0.015360556525426089,0.8321771036672284,0.8321914335928305,0.8331650065183679,0.8402941379468232,0.867955327895479,5.0,0.8394994307301857,0.0056841352683898545,0.8299567804003399,0.838801239038465,0.8417924262467046,0.8428229819473917,0.8441237260180272
inceptionresnet,derm5,5.0,0.15068375815324103,0.011644363741519814,0.1317624869107041,0.14867280419328616,0.154748597260201,0.15583651286699085,0.16239838953502297,5.0,0.2487226648588825,0.016937895837299002,0.2204080313739768,0.24747169873869235,0.25538207298960675,0.2558403623801883,0.26451115881194837,5.0,0.2540770368195103,0.01842713875034909,0.2247654129098173,0.2500606795121852,0.2571897062686305,0.26628951532202355,0.27207987008489504,5.0,0.34503952185134545,0.011978811299290166,0.3333413023158731,0.3364812662516708,0.34540767628776503,0.345874142871803,0.3640932215296151,5.0,0.8764052477691473,0.008804000524653148,0.8675919031176301,0.8717353122629421,0.8732391191300619,0.879165215777883,0.8902946885572189,5.0,0.8552453633012348,0.008197802425757312,0.8427825007846932,0.8519856722113965,0.8581314685880952,0.8591987828152929,0.8641283921066953
inceptionresnet,derm6,5.0,0.15445688254865178,0.010241158966951948,0.1378722453464074,0.15276199403780366,0.1562080259395131,0.16173560542489732,0.16370654199463738,5.0,0.2556527845019366,0.01575301936480219,0.22978749617942615,0.253588361822924,0.2589405044946532,0.26640334499693075,0.26954421501574893,5.0,0.27649178540729225,0.009793630133202617,0.2657995955517603,0.2663207364968494,0.2815551171045192,0.28161399297309175,0.2871694849102404,5.0,0.3689267639629156,0.02430002904784682,0.33475840026553094,0.35333084493646777,0.37995495844462285,0.38199431051667027,0.39459530565128625,5.0,0.8672305620962522,0.013813896654700758,0.8520782304986294,0.8585343770312686,0.8663590282982281,0.8708791535447759,0.8883020211083593,5.0,0.8402733262232898,0.004156345881661052,0.8352696612258524,0.8373128610952896,0.8400159157668552,0.8435365405401009,0.845231652488351
inceptionresnet,derm7,5.0,0.16594302571281383,0.006807916024851158,0.15668428151626929,0.16076065213253488,0.1693869003415662,0.1709519578466847,0.17193133672701405,5.0,0.26759105567795344,0.009982175479074472,0.2546269445875041,0.2589974330832704,0.27421628857923697,0.27425940799095133,0.27585520414880454,5.0,0.25627748235861214,0.016912041885869825,0.22965584652008375,0.2505115515485032,0.2617606887439051,0.2674798472403295,0.27197947774023884,5.0,0.4345741541431554,0.01521435849740521,0.41190586488780895,0.4271032584027872,0.44071047197450386,0.4426693117212438,0.45048186372943305,5.0,0.913360823710333,0.007826998942890637,0.906792423244472,0.9080200923595436,0.9125164532963983,0.9129795617005229,0.9264955879507282,5.0,0.8502514033707722,0.007264438694404416,0.8438516449803936,0.8442757065938985,0.8478645304480887,0.8544891543750963,0.8607759804563843
inceptionresnet,derm8,5.0,0.20870715626239997,0.008367924791762243,0.20350731560435434,0.20375976911387672,0.20404975018436364,0.20913474542465316,0.2230842009847521,5.0,0.3256963629046708,0.011828613517165874,0.3155725864884341,0.31993984352843313,0.320233100706384,0.32724632577059415,0.34548995802950844,5.0,0.3666465917876897,0.019178554293854313,0.35249570008252556,0.35826751559280173,0.3595395058839787,0.36260878054888307,0.4003214568302595,5.0,0.39426489950845656,0.0034180690555285585,0.3911682236808631,0.3915719299550815,0.3928847801878659,0.39678118329103795,0.39891838042743444,5.0,0.8418863795768962,0.0058723949337303565,0.8338666703231481,0.8392465401663411,0.8428788727859987,0.8436421989812822,0.8497976156277104,5.0,0.8570327459743758,0.006312885353635879,0.8491109832204218,0.8547699887273761,0.8571770750150814,0.857518961089255,0.8665867218197446
mobilenetv1,derm1,5.0,0.15056153989868296,0.010073712236553886,0.13289814124149674,0.15204184856132213,0.1542645498960513,0.15653393682188116,0.15706922297266346,5.0,0.2503051003095397,0.014246910903161061,0.2250821252295863,0.2534513577267092,0.2561718225635466,0.25840427008759265,0.2584159259402636,5.0,0.2168786851121885,0.01861149631189052,0.18646571695689668,0.2113980582800479,0.22814985823184927,0.22874599032890858,0.2296338017632399,5.0,0.4589625604723534,0.008348415891559918,0.4498279670988662,0.4523037446523385,0.45753475713578484,0.46699012964632264,0.46815620382845474,5.0,0.9005045009574143,0.008137889642877294,0.8924387560898162,0.8940795485247354,0.8978033385446242,0.9077797418365474,0.9104211197913489,5.0,0.7669647956332457,0.008878796966142848,0.753079832402444,0.7636224816024966,0.7705705590565247,0.7721030505680305,0.7754480545367329
mobilenetv1,derm2,5.0,0.17610438694401426,0.007242799938293421,0.16694236353970954,0.17092271782645255,0.17652372180823417,0.18208663560637844,0.18404649593929656,5.0,0.28310116590492285,0.008974542501927201,0.27174891019826536,0.276997512824314,0.2828937471679418,0.29190308264231746,0.29196257669177555,5.0,0.26919338585541486,0.013359377689648557,0.24846677318502552,0.2656443162536957,0.270226057738169,0.2803058016692925,0.28132398043089135,5.0,0.47716536985544994,0.00659304924071432,0.4689134384477085,0.47441158633742714,0.47626052497486376,0.47948430297706823,0.4867569965401823,5.0,0.8691491505547135,0.005606752238483629,0.8634366803324175,0.86380641034386,0.8693782523994649,0.8728430928085693,0.8762813168892563,5.0,0.7754955467087614,0.01413136716962744,0.7503874746113652,0.780290297048722,0.7804803068464213,0.7819255255367452,0.7843941295005534
mobilenetv1,derm3,5.0,0.19694427898322814,0.006529452166139027,0.185905483279367,0.19731880742357022,0.19806446725490168,0.20078353861495574,0.2026490983433459,5.0,0.3130915800565628,0.007801567992183188,0.29974231755061126,0.31370958259560655,0.3152128936910606,0.3169669267276045,0.319826179717931,5.0,0.2955351698976674,0.01319600162779451,0.2725567728914866,0.2974219423483368,0.30055009248172604,0.30127226308327654,0.305874778683511,5.0,0.4504462607209363,0.005798834782109628,0.44089545088243154,0.4508713583016752,0.45105340292432655,0.4529089345971516,0.4565021568990967,5.0,0.8531081033973262,0.004230798513566919,0.8462769366387443,0.8526023896941815,0.8541442289278641,0.8548883118678668,0.8576286498579745,5.0,0.7725914513947413,0.011721004479713108,0.7538757265782122,0.7681597404876074,0.7795340108801103,0.780458063386982,0.7809297156407948
mobilenetv1,derm4,5.0,0.17494190550975358,0.008206554340776774,0.16373482924892563,0.1697125154068696,0.177555236245541,0.17920054846615552,0.18450639818127626,5.0,0.2816747595175196,0.011718666164836843,0.26640599480728155,0.27311195336240535,0.2861211021870804,0.28717284012119443,0.29556190710963626,5.0,0.26607037883252527,0.016625936210406367,0.24847207060276438,0.24991376537443327,0.26715496818398876,0.2821833210598844,0.2826277689415556,5.0,0.46077280021349853,0.015487612359176322,0.4372451285072363,0.46016615503477,0.46233712630111357,0.4634439743446909,0.4806716168796818,5.0,0.8539086805363075,0.007714348730026145,0.8466601070302712,0.8490135275849174,0.8493640847740116,0.8613481413845918,0.8631575419077454,5.0,0.772076854185707,0.005091307411846974,0.7636089902537201,0.772447926282365,0.7732501570912449,0.7737359282165618,0.7773412690846438
mobilenetv1,derm5,5.0,0.1631107837515438,0.011267807270097921,0.14536502861898673,0.15904654682208397,0.16821107410583364,0.16914140910191633,0.1737898601088983,5.0,0.2649281929614305,0.015662209033692264,0.2402201227555951,0.2590441203079936,0.27302580578048885,0.27321447429866685,0.279136441664408,5.0,0.2348931665013974,0.01480945155888822,0.21486584079993035,0.22361845524742727,0.24244653105996278,0.24452992624017622,0.24900507915949033,5.0,0.4462698433378833,0.023803134119040014,0.40973910235591116,0.435898707624613,0.4574927851360748,0.4585481210494269,0.46967050052339065,5.0,0.8754067188714576,0.008261941888049164,0.8664897841429328,0.8690474809756003,0.8745481151750584,0.8801436115950672,0.886804602468629,5.0,0.7729300947807877,0.008746337851627267,0.7586659770410429,0.7719722110944264,0.7745325073422321,0.7779655187936384,0.7815142596325985
mobilenetv1,derm6,5.0,0.16460854109226514,0.006457525851926875,0.15518352695690826,0.16104227218745887,0.16680872982831402,0.16895893118775793,0.17104924530088647,5.0,0.26701649827119783,0.010739997291265806,0.2506605324278335,0.261749613042361,0.272041820816685,0.27406234088919534,0.2765681841799144,5.0,0.24190688732776855,0.018204753599989857,0.21510075958499023,0.23764983250982696,0.23893616947635343,0.25822281646568485,0.25962485860198736,5.0,0.44510780114685533,0.010020225497146608,0.43123974041187213,0.43829645727142585,0.4486813319474028,0.4522775207271844,0.455043955376391,5.0,0.8815279487764169,0.015367966893685234,0.8642042914761107,0.8665522205316459,0.8855547805476827,0.8941755913057088,0.8971528600209363,5.0,0.7856179200311886,0.0069148062492804165,0.7778348169183027,0.7822521807631886,0.7845217923095331,0.7870937856346168,0.7963870245303015
mobilenetv1,derm7,5.0,0.14835693165599495,0.003189230798981345,0.14395389630696703,0.14712876798704988,0.1485457000158257,0.14950588637591736,0.1526504075942149,5.0,0.24386724579972469,0.00397973379246474,0.23947968275439857,0.2417003903504107,0.2435477211544619,0.244504261202486,0.25010417353686615,5.0,0.22232402786552438,0.005391494607570944,0.2168986796899791,0.21965519533546787,0.22071326990334753,0.2233016857182513,0.2310513086805762,5.0,0.4643317631638328,0.011321787603089231,0.45011142563603734,0.4568993377138224,0.46431454330454064,0.4719668970824409,0.4783666120823227,5.0,0.8996314627570194,0.004983607654827432,0.8921914722151936,0.8968297473676137,0.9024253540168828,0.9028069575737646,0.903903782611643,5.0,0.783063477880478,0.004230787958516157,0.7789583307530662,0.7803543457332784,0.7815350025843759,0.7849688428725494,0.78950086745912
mobilenetv1,derm8,5.0,0.20580159141934562,0.006045258872912407,0.1962945015695624,0.20471253687986718,0.20617993092495088,0.209846324453007,0.21197466326934072,5.0,0.32395696334612634,0.007799204586602278,0.3113561253343742,0.3231744615500647,0.324550215314109,0.32941077942363656,0.33129323510844744,5.0,0.32806100994484355,0.015331870620188414,0.31199340481677434,0.3128143052037629,0.33245934518094095,0.33568569250459235,0.34735230201814715,5.0,0.49018301160232036,0.008416841265643524,0.47747877013618656,0.4863927698322225,0.4924105522527611,0.4966552639692774,0.4979777018211542,5.0,0.8525387589762847,0.0066120400817255365,0.8408962873934165,0.8537722999420717,0.8549649524123321,0.8563582740574356,0.8567019810761676,5.0,0.801806044411055,0.012658455766782747,0.7816337981500622,0.7969593488162677,0.8090253276236672,0.8106608282824769,0.8107509191828008
mobilenetv2,derm1,5.0,0.13512194745292513,0.013615128099100314,0.11861871831345908,0.12516268657603735,0.13899984640626298,0.13934765164412327,0.153480834324743,5.0,0.22324757499802197,0.021582258112201855,0.19782015605305223,0.20589896444480693,0.22987948613309125,0.23086815947191835,0.25177110888724114,5.0,0.19156018906937478,0.0203560748092989,0.1657947824801613,0.17809843502314598,0.1965054361935664,0.19869305255648254,0.2187092390935176,5.0,0.413455568393315,0.021230692584737754,0.3898353474233625,0.3949971167451324,0.41653115073008,0.42476381681856556,0.4411504102494346,5.0,0.9258550203651543,0.00783931426354637,0.9182904000363626,0.9187919766928699,0.9248540768048057,0.9308781997586623,0.9364604485330708,5.0,0.8097519359044506,0.0036551963866915667,0.8046283776896498,0.8073960908690129,0.8109550621078997,0.8123912515914467,0.8133888972642445
mobilenetv2,derm2,5.0,0.15620395043272373,0.012841629096232782,0.14162552815624585,0.14809094637306855,0.15496927897505322,0.16132868707403755,0.17500531158521349,5.0,0.2511300471453398,0.01865146728842933,0.2293239377277535,0.239338917902786,0.25048924401576494,0.2584910095793399,0.27800712650105497,5.0,0.21621843428936777,0.0234975179185129,0.1879400327007683,0.20334600351329343,0.21272117112715902,0.2277210021143292,0.24936396199128902,5.0,0.4563614055151409,0.01726862143195471,0.4359358138722948,0.4456118812875347,0.4519350117340776,0.47232676216585007,0.4759975585159475,5.0,0.917415013175569,0.009974011288581061,0.9049826128229354,0.9100442997488993,0.9178381056531513,0.9263770163674856,0.9278330312853731,5.0,0.8108137584092046,0.00750903789572968,0.798029315261449,0.8104201048374647,0.8138016021485897,0.8151680027780753,0.8166497670204436
mobilenetv2,derm3,5.0,0.18841903498412274,0.014430362899761625,0.1713722268089944,0.17499538697534392,0.19434146932385188,0.19710308893484513,0.20428300287757842,5.0,0.30168378846659366,0.02096528512008755,0.2749608251630059,0.28453208921274603,0.3114769351173304,0.31267497696936225,0.32477411587052396,5.0,0.28642672677684305,0.026364804148017867,0.2518960850494561,0.26642134590020955,0.2976467657136465,0.30021691667292366,0.3159525205479795,5.0,0.43375218269576665,0.016158003640135574,0.41514775851896485,0.41738570744703285,0.4422157419588359,0.44508402566759053,0.448927679886409,5.0,0.8683140055539299,0.013715322510652729,0.8490379393688351,0.8628690120733049,0.8667134654111439,0.8804140114818542,0.8825355994345114,5.0,0.8054496469456485,0.004652551635488018,0.8016503786760141,0.8020412832376542,0.8037239020694198,0.8069454131295224,0.8128872576156322
mobilenetv2,derm4,5.0,0.14978898598885765,0.0107551612136317,0.13472558111714342,0.14241948118070594,0.15428062467347672,0.1583360751828343,0.15918316779012787,5.0,0.2431350657415467,0.016931206008518544,0.2186226760829549,0.23244094622880687,0.2514629966408697,0.2559193393594039,0.25722937039569826,5.0,0.22229757530276567,0.0248265341580058,0.186140261827077,0.20751246384779443,0.23227340052665127,0.24213740020935212,0.24342435010295357,5.0,0.40730660545289166,0.016854780883079488,0.38372784544520666,0.39738903975744955,0.409988794676828,0.42252809469183267,0.4228992526931416,5.0,0.8930936361709616,0.010833948667580131,0.8775817880840734,0.890612970832806,0.8925188976580077,0.8973760174592035,0.9073785068207177,5.0,0.8134136078182361,0.0022139312505249386,0.8114651239293281,0.8115345899024359,0.8124719733570124,0.8156990227493112,0.8158973291530937
mobilenetv2,derm5,5.0,0.15002044832344358,0.011961373193490395,0.1340648067695032,0.14177663184474787,0.1521616250266391,0.16007843969869257,0.16202073827763502,5.0,0.24500770959271834,0.0170956603961517,0.2233453804303723,0.23145074934322327,0.24877020296414412,0.2588549674475189,0.26261724777833306,5.0,0.2266365918438839,0.015799395865447912,0.21137511917243534,0.2137108651645751,0.22130903286267745,0.24133311162119347,0.24545483039853824,5.0,0.3742929215794314,0.041569522408358074,0.32300497061027084,0.340396860584932,0.38682215671382403,0.39765181207854167,0.4235888079095885,5.0,0.8747380089471075,0.013028098537926771,0.8604834987937222,0.8662129094549148,0.870113411436627,0.8866830072450071,0.8901972178052672,5.0,0.8033655243958668,0.006656319412203083,0.7932198171013918,0.8005390883249016,0.8055648194823105,0.807440802814577,0.8100630942561526
mobilenetv2,derm6,5.0,0.15429968902053914,0.01788675729238325,0.1299864298691349,0.1424866136520904,0.1586130853816754,0.16671158228808025,0.17370073391171478,5.0,0.2537910153451668,0.024164427881871942,0.2203961688308648,0.23813764636493506,0.26138266112353437,0.269111995266971,0.2799266051395288,5.0,0.24351783239117095,0.0345369673045286,0.19444166483184724,0.22143928129160856,0.258615133511893,0.2653768462830445,0.27771623603746165,5.0,0.4062883697667009,0.011519143352908174,0.3940659606325787,0.3990037727209961,0.40422628210199746,0.41031107873596767,0.42383475464196474,5.0,0.8640192586844654,0.020692422976989044,0.844237654127998,0.8490865828056534,0.8576108433175094,0.8742897624907732,0.8948714506803929,5.0,0.803098910988967,0.00716569555992599,0.7952100236471841,0.7980226967064872,0.8017455208803013,0.8077042374207223,0.8128120762901404
mobilenetv2,derm7,5.0,0.13710123184756323,0.016337092786708106,0.11772333389460994,0.1236522869966345,0.13896336417276642,0.14881853915248797,0.15634863502131727,5.0,0.22622462500399498,0.025440380892437005,0.1973298899408509,0.20254801159883484,0.23150493447275278,0.24500900625289368,0.2547312827546428,5.0,0.20755555711657186,0.035356433768356246,0.16428260272293022,0.17511309701455402,0.22239696012800844,0.23695382434468867,0.2390313013726779,5.0,0.4233285655327764,0.017810349098537653,0.4034449258395564,0.4118534420094175,0.4199996407387354,0.4326382025866954,0.4487066164894772,5.0,0.9045190074932309,0.01862197279215462,0.8892245827328543,0.8901455002502738,0.8935453788800303,0.9244488953235438,0.9252306802794527,5.0,0.80743427407476,0.008274769367978064,0.7948570970112798,0.8038342632812577,0.8101179210308049,0.8126807132674518,0.8156813757830055
mobilenetv2,derm8,5.0,0.19169098155379202,0.003983665713192342,0.18584955381984963,0.19047474732701783,0.19154138627065423,0.19432450472930504,0.1962647156221335,5.0,0.3000762804551767,0.005201575746347413,0.2915505689602422,0.29988470106096204,0.30054514804739657,0.3034058155785332,0.3049951686287494,5.0,0.31422651102121285,0.007276345937928861,0.3019341316720325,0.3137734517704005,0.31730664091686606,0.31759685696959616,0.3205214737771688,5.0,0.43335244892125446,0.024435694065863777,0.39330872317666804,0.42768522443321755,0.44408034136357766,0.44725229780680514,0.4544356578260038,5.0,0.8673505703778913,0.004540132073529301,0.8624586046375852,0.8629801347267982,0.8678573037887638,0.8710836095351343,0.872373199201175,5.0,0.828621578073761,0.007237903089633928,0.8199827751379601,0.8237451338484489,0.827806127113316,0.8338132344660831,0.8377606198029971
nasnetmobile,derm1,5.0,0.1729841385447711,0.022566475430055775,0.14013734803165234,0.15857444181738348,0.18686136318083363,0.1890543762139532,0.19029316348003275,5.0,0.27976742738530264,0.030650437345252073,0.23588905449511952,0.2591654830858393,0.2978221731159011,0.3014961586403205,0.30446426758933265,5.0,0.23208622645343596,0.02774625263032843,0.1894494944581645,0.21905581423726025,0.24530034339310852,0.25048493762277874,0.25614054255586804,5.0,0.5287613363151225,0.020311687379431217,0.5061844902507587,0.5193733890400161,0.5194096598034807,0.5419552611423663,0.5568838813389904,5.0,0.9170323099893946,0.0069891221542414134,0.9061879936865422,0.9145406975344954,0.9193576745646409,0.9208701984514198,0.9242049857098742,5.0,0.7698853787858707,0.005929352585600139,0.7622688176556115,0.7661802419430793,0.7699018741674083,0.7739592510124902,0.7771167091507644
nasnetmobile,derm2,5.0,0.20853305191109114,0.013636625769651077,0.1916824272215036,0.19617808817327298,0.21570363775516976,0.21699579319807782,0.22210531320743152,5.0,0.32799184405636117,0.018619595860226764,0.3048873902387289,0.3111575297341988,0.33808179431076407,0.33957975675522073,0.3462527492428933,5.0,0.3040926871986417,0.024448600442124945,0.27552376885818586,0.28056333049257576,0.3164156496297885,0.31772616960944633,0.3302345174032121,5.0,0.5768607351227347,0.019042721607794612,0.5469076306807393,0.5702814096324195,0.582452873696186,0.5921048644343463,0.5925568971699824,5.0,0.8789793465877731,0.010587069886508637,0.863054664309717,0.8747005151042636,0.8807634720898259,0.8868436309525232,0.889534450482536,5.0,0.7737428001183506,0.00556464296805832,0.7678997838704374,0.7680806453071003,0.7745892590246258,0.7788079551266447,0.7793363572629449
nasnetmobile,derm3,5.0,0.2279387318107297,0.013839744851558354,0.21201419830689816,0.2157803159786068,0.23110210135643902,0.23569550820281213,0.2451015352088924,5.0,0.3537836280832529,0.016629201191259213,0.335159599278821,0.33878611297153194,0.35839919275499776,0.3614908628761418,0.37508237253477217,5.0,0.32464020056737464,0.024690985163188392,0.29342368289716453,0.30599435128726205,0.3321686448312704,0.3367605508202632,0.35485377300091286,5.0,0.5564590039503559,0.010090013892213048,0.5431888044263937,0.5500326497583562,0.5593197587959795,0.560408608538191,0.5693451982328586,5.0,0.8751661017044577,0.00841714400641959,0.8663183620582672,0.8672442805985727,0.8761130272099835,0.8802242679618654,0.8859305706936003,5.0,0.7713894198833054,0.0037237621160918057,0.7665921596986963,0.7685512027887399,0.772121024158254,0.7747199900188333,0.774962722752004
nasnetmobile,derm4,5.0,0.19556414804391736,0.009750873217842638,0.18567851711492556,0.18591019939815598,0.19603307616736432,0.2031851953482114,0.20701375219092957,5.0,0.3102443591208233,0.012350978577102592,0.29645326955119833,0.2988014243655545,0.31312375122596653,0.3174912751122553,0.3253520753491418,5.0,0.2930146930600767,0.024269930056293777,0.26245853362548677,0.27200184611279987,0.30393598116848103,0.3091250993869593,0.31755200500665665,5.0,0.5274722363200368,0.01216136307982916,0.5139606651397367,0.5159554297590379,0.5299520195916834,0.5359157441454245,0.5415773229643017,5.0,0.8686926780121842,0.015059671182188287,0.8525547041954579,0.854197407632674,0.8701444797390867,0.8811927412609152,0.8853740572327873,5.0,0.7625335219642688,0.005074195781047899,0.7564548636590727,0.7605091033447234,0.7626012124631312,0.7627006831198889,0.7704017472345277
nasnetmobile,derm5,5.0,0.20301235469990306,0.01060446523885951,0.18959362925587442,0.19913368909120177,0.20341394797592885,0.20398304742059506,0.21893745975591514,5.0,0.31994796937697545,0.014438719708292441,0.3010176226904188,0.3164631067769636,0.3200017164461823,0.3207995226566212,0.3414578783146911,5.0,0.2811632457745967,0.016940333437197173,0.2573379020427377,0.27759168381104915,0.2809892775416706,0.2852690722217816,0.3046282932557445,5.0,0.5343182471909367,0.01195445397288462,0.5133166487010631,0.5368367058042895,0.5386152341468948,0.5398084290820445,0.5430142182203912,5.0,0.8846733369576743,0.004201275839307844,0.8790638643722036,0.8818314179632936,0.8853929166034304,0.887968306984645,0.8891101788647988,5.0,0.7682088838924241,0.006908176594283107,0.7605091353791901,0.7631384503108336,0.7666334164950169,0.7748741338354057,0.7758892834416744
nasnetmobile,derm6,5.0,0.16581688439788214,0.015616273671194761,0.14989135772128365,0.15414189505996448,0.1662460359145294,0.16900500582312328,0.18980012747050973,5.0,0.27213178169913,0.02221210857525115,0.24829291472330603,0.2561731884660034,0.2717925258132269,0.2790671715221227,0.305333107970991,5.0,0.23772238941565965,0.028884306086089235,0.20453333657024936,0.21525385115850518,0.23865098822302486,0.2543079589575657,0.27586581216895323,5.0,0.5160959502001632,0.018656925171962782,0.48790005583763774,0.5087974629695806,0.5188547412593925,0.5319039772910611,0.5330235136431445,5.0,0.885865451965669,0.015283681116890296,0.8671045694923682,0.8773097693587124,0.887412758162665,0.889402041245864,0.9080981215687356,5.0,0.7508103262662527,0.005850566726039412,0.7441834604229635,0.7453812672667528,0.7516633863847957,0.756258966354965,0.7565645509017863
nasnetmobile,derm7,5.0,0.19595541840342764,0.017070427270572168,0.17462465845584074,0.18052157388939488,0.20562779600592485,0.20706803580912858,0.21193502785684928,5.0,0.30618239013652804,0.0232958318562712,0.27697910273413273,0.2853161119224048,0.3182717529107092,0.3224203133632252,0.3279246697521681,5.0,0.2544057508407822,0.02617600080767186,0.22566763284570573,0.22723512740300672,0.2671049611363894,0.2696148875679891,0.28240614525082025,5.0,0.573237245893413,0.016962813874796527,0.5451902471705373,0.574045273996809,0.5768568807879189,0.5790626466907927,0.5910311808210071,5.0,0.9231328407023712,0.010129549904420826,0.9134526944093133,0.9179290226203192,0.920139156850248,0.9242973843314763,0.939845945300499,5.0,0.778654757421948,0.010473771627977383,0.7661697246137296,0.771895688836511,0.7797567171360031,0.7817485567888085,0.7937030997346872
nasnetmobile,derm8,5.0,0.2401227246689445,0.01235696951427126,0.22546883067133297,0.2328030945249222,0.240680238326669,0.2433196842591273,0.25834177556267085,5.0,0.36593224347759945,0.015708099746545245,0.346921877440078,0.35597775388924374,0.3654742235892642,0.3738088759425306,0.38747848652688094,5.0,0.3599821152329552,0.015055659325616873,0.343108857393869,0.3461466232318468,0.36254998740919353,0.3703098694310947,0.37779523869877196,5.0,0.5752489150148564,0.005383864839748504,0.5674827591503686,0.5740463770293075,0.5741861385066757,0.5790941726734049,0.5814351277145255,5.0,0.8618478620011014,0.0068710617498034966,0.8555741761308219,0.8569187993967423,0.8582313541916642,0.868183511889281,0.8703314683969984,5.0,0.7888767230746755,0.007512669097480612,0.7828012312608231,0.7836573397123013,0.7854155683779409,0.79174045934404,0.800769016678272
resnet,derm1,5.0,0.13408071725241805,0.008511201571083527,0.12296199932532877,0.12851252500246288,0.13456336531896695,0.14083942897051582,0.14352626764481582,5.0,0.22364195110462948,0.013355269516510072,0.20627966467196385,0.21402950718504804,0.22555829848847778,0.2351783784258932,0.23716390675176452,5.0,0.21011668569430042,0.012390441526384568,0.18920599889344394,0.21140339439297545,0.21265606015878855,0.21528337944075274,0.2220345955855413,5.0,0.3529684658464585,0.022075655834797023,0.3258517494996711,0.3323944309526074,0.36500983659416325,0.3685240890322769,0.37306222315357385,5.0,0.9001851455327982,0.00628051219437823,0.8925368128861946,0.8972241210490756,0.8991972455547633,0.9026453206393997,0.909322227534558,5.0,0.8151513311315878,0.016200973986958286,0.7970520346402779,0.8046726705445582,0.8097883923799941,0.8301537782331191,0.8340897798599893
resnet,derm2,5.0,0.1543153425714111,0.006879605746938579,0.14602647512640948,0.15275203710288818,0.15341088551564291,0.15423948178374106,0.16514783332837393,5.0,0.25252584782409115,0.009010275143834116,0.24235222379387122,0.2492437644561464,0.2497930682817609,0.2546215957833913,0.2666185868052858,5.0,0.27651588618272976,0.0069365536796679944,0.2708023674192896,0.2717091744851649,0.2738035293430586,0.2785601578056024,0.2877042018605331,5.0,0.3443836884466086,0.03994954984556796,0.30580423116674765,0.31935695477830567,0.32267644360930103,0.3781309010737982,0.3959499116048905,5.0,0.8537746340164999,0.009585483475574759,0.8383082118209786,0.8512824302899605,0.8579399366424105,0.8584773210571661,0.8628652702719832,5.0,0.8300002585092227,0.01974640309647976,0.8137590945575118,0.8139224984115372,0.821735651629195,0.8417598277004523,0.8588242202474166
resnet,derm3,5.0,0.17179090679673154,0.004035704880075103,0.16713995724554795,0.16982451206835847,0.16999353515937038,0.17528575202659719,0.17671077748378367,5.0,0.2809951411412789,0.006526207006679323,0.2740224710991672,0.27694986091867585,0.2782220815065495,0.2867510726577539,0.2890302195242482,5.0,0.3007817758337342,0.013413730038995882,0.2860436200291798,0.2889160010083422,0.3017290992102584,0.30963046917474407,0.3175896897461468,5.0,0.3493664163675822,0.032243101898406235,0.3011368766850707,0.33237265540300864,0.3660985359177934,0.36698128585083534,0.380242727981203,5.0,0.8251615035229236,0.009778456845225799,0.81645455194557,0.8204856776062126,0.8211208426116922,0.8262350463793849,0.841511399071758,5.0,0.8109549308738371,0.02392151134523213,0.7899779219370584,0.7916006671134673,0.8006618463965126,0.8296727166611664,0.8428615022609814
resnet,derm4,5.0,0.14210137879906784,0.005372402974437472,0.13662932469413433,0.13708532032140217,0.1424223791172692,0.1451162990283613,0.1492535708341721,5.0,0.2371584427191169,0.00805437326159657,0.22912490887159084,0.23055449175349554,0.2359091292370118,0.24166775422231537,0.24853592951117082,5.0,0.25698474443620284,0.010882147570447602,0.24076983352152226,0.2531277192812305,0.2579090249633537,0.2641384572222875,0.2689786871926202,5.0,0.326133588261332,0.03411842666465195,0.28458847033899065,0.29647078707451247,0.3347904801059624,0.35431618478177074,0.3605020190054237,5.0,0.8276638943344052,0.006934253053361141,0.8205848780009959,0.8220989043638646,0.8267092834155939,0.8314731027117307,0.8374533031798411,5.0,0.8096153604636036,0.0248139865373119,0.7830147942923674,0.7961117948266435,0.7981080323592362,0.8280485295113923,0.8427936513283794
resnet,derm5,5.0,0.12294915945975846,0.007563142837974002,0.11589009257474987,0.11601713546487448,0.12325383010674763,0.12548137996831454,0.13410335918410574,5.0,0.20655654238398688,0.012040643051021099,0.1952240807277012,0.19649424143338917,0.2074643396865438,0.20844682854965574,0.22515322152264433,5.0,0.20422281357982114,0.014541298232012037,0.18725817985493334,0.1934151883767918,0.20521986701624348,0.21121729787564358,0.2240035347754935,5.0,0.3334816251831926,0.029709106614701723,0.2993917578603603,0.30970775580903054,0.33137662735558765,0.36289477962539757,0.36403720526558675,5.0,0.8764151068513051,0.0051837307544156525,0.8688596496129775,0.873688022494208,0.877634114586903,0.8804982469359366,0.8813955006265005,5.0,0.8199294188050981,0.025887640722829043,0.7905756611687015,0.7976235144440427,0.8206152454325621,0.8421112640468609,0.8487214089333228
resnet,derm6,5.0,0.14923221886767418,0.005916012922353093,0.140684434675392,0.14670360823035178,0.14931916418838226,0.15445602897347815,0.1549978582707667,5.0,0.24757603050360294,0.007832887501028904,0.23784779400970837,0.24304274426097713,0.24588576074993662,0.2552869896701016,0.255816863827291,5.0,0.2619125368838692,0.014993112709126724,0.24340347491944145,0.25543561124592373,0.25595559913546473,0.27692554981198375,0.277842449306532,5.0,0.3399006936443302,0.0300269065274202,0.30079213821865114,0.32249009590784933,0.3373601195605575,0.36601206099381284,0.37284905354078013,5.0,0.83657894663381,0.015586854086280683,0.814988694891461,0.8284887975355301,0.8366729577834724,0.8502486351534329,0.8524956478051534,5.0,0.8147991748786169,0.02096404608012828,0.796041370603965,0.7967706583740725,0.8075983150397343,0.8312342639573239,0.8423512664179886
resnet,derm7,5.0,0.1380648047054617,0.007213473910249646,0.12779391509551102,0.13439877155847205,0.1387396285733169,0.1440599177238474,0.1453317905761611,5.0,0.22911245964785176,0.011264893253549955,0.21284985142937082,0.22557816140897102,0.2275706976335935,0.23924273277076183,0.2403208549965615,5.0,0.2356201697930655,0.019002543066133037,0.21077126958302644,0.22043358891821024,0.24463917485591696,0.24700935773961563,0.2552474578685583,5.0,0.3599997074610447,0.032689096288840785,0.3228855991356788,0.3349598564895021,0.35759246939591544,0.38279378955935117,0.40176682272477604,5.0,0.8802946192063261,0.012727650086093039,0.8654477310078812,0.8693283306134699,0.8815353176738662,0.8911952079786881,0.8939665087577255,5.0,0.821262356291529,0.011785663319946784,0.8032145953073038,0.8186646405934425,0.820804363217801,0.8314607778205694,0.8321674045185279
resnet,derm8,5.0,0.15997031682077784,0.010028582181422876,0.15011333118695863,0.15092077700870576,0.15969597770955446,0.16513313906933694,0.17398835912933328,5.0,0.26051447630138574,0.014650823897925722,0.24594458981085726,0.24730724720702507,0.26058872370665725,0.26772723185218983,0.2810045889301994,5.0,0.3010737429936928,0.014820487222093188,0.2878683354621218,0.2908868053098665,0.29221752535704437,0.31619468382125765,0.31820136501817353,5.0,0.34222486402938673,0.03626389703459514,0.29680713766322925,0.3256241578620862,0.3300762189055241,0.3758471663333651,0.3827696393827292,5.0,0.8260347650979947,0.013708490083418562,0.8074778304741094,0.8189659394134293,0.8249702825522353,0.8392298409049801,0.8395299321452193,5.0,0.8262334689088993,0.020792318504795796,0.8058694182706532,0.8080523935766653,0.8218981282047969,0.8428844650182789,0.8524629394741023
resnetv2,derm1,5.0,0.15443709512205367,0.009325312396338431,0.14274728759988575,0.14606031443463569,0.16002436821965713,0.16009864513362065,0.16325486022246902,5.0,0.253846096212318,0.014438978687148043,0.2353118491540301,0.24152076364552114,0.2620106840989921,0.26251847854660754,0.267868705616439,5.0,0.2758423505911756,0.020057215546706603,0.24780141584094412,0.26282661637433335,0.28180057877478304,0.2923882098129411,0.29439493215287643,5.0,0.333272058536006,0.01666141045748355,0.3120038467853716,0.31872380859142985,0.343427233783011,0.34345283470443727,0.3487525688157805,5.0,0.894636426167209,0.0021965782579419857,0.8917445591391686,0.8935576439710922,0.8943051858675812,0.8963344297822599,0.8972403120759432,5.0,0.8787191236209567,0.004014255879357095,0.8736730397285984,0.8773351774308139,0.8781362987810973,0.8797609030870992,0.8846901990771748
resnetv2,derm2,5.0,0.16437692239914634,0.0033327603577085374,0.1605102443328573,0.16308190930279784,0.16308584895601327,0.16597312801600772,0.16923348138805566,5.0,0.271688267070633,0.004586294452578669,0.26584182334307027,0.2702798946924198,0.27031669594003854,0.2738939165652514,0.2781090048123846,5.0,0.3129794648237325,0.005970299629072549,0.3028170822193386,0.3124930109433666,0.31584129245498993,0.31634455547581813,0.3174013830251494,5.0,0.36511222007055777,0.009189450491200424,0.3577238722886742,0.3588116215507474,0.3609973753021839,0.36817976298658267,0.37984846822460044,5.0,0.8718956348625435,0.0025165333931470627,0.8679902847662568,0.8712745257565727,0.8720588526476255,0.8738046317446194,0.8743498793976435,5.0,0.8826771354096158,0.0028573467711730458,0.880034036370701,0.8800386430060324,0.882334805041966,0.8843103959189764,0.886667796710403
resnetv2,derm3,5.0,0.18527039153264363,0.007825836517346288,0.17524849078188978,0.17921623757412225,0.18701779555907846,0.19139187030182725,0.19347756344630035,5.0,0.3004900412179955,0.01165899230712613,0.2867078893839667,0.29049870297882097,0.302068366083187,0.30998293244994035,0.31319231519406265,5.0,0.3898639354889566,0.02302059705279276,0.3581556039030042,0.3749257879748434,0.39931622583010534,0.4010389216726342,0.41588313806419575,5.0,0.3270968848324073,0.009104862302448676,0.31531103717290093,0.32135430192814946,0.327327243117711,0.33350472826397015,0.3379871136793052,5.0,0.8327134149230373,0.006034894009040066,0.8237738807524206,0.831212320813131,0.8325633835784477,0.8360842080335372,0.8399332814376496,5.0,0.8968695929783979,0.005817494683784517,0.887148984571269,0.8968224111247969,0.8985118333431384,0.8993243738841612,0.9025403619686237
resnetv2,derm4,5.0,0.16322719082122128,0.011315732310328504,0.14934009409739463,0.15352052438136307,0.1675485116499119,0.16964432581387415,0.17608249816356272,5.0,0.26736383376747674,0.01777471595360865,0.24496948643066596,0.2532239803750052,0.2737667796223807,0.27662532963524217,0.2882335927740896,5.0,0.3365287509442863,0.024542352567664533,0.3052629460000321,0.31900827825770706,0.3436720802565862,0.3471842025220588,0.36751624768504715,5.0,0.31943091723717354,0.014145492046406184,0.2965865822820493,0.3149449852235046,0.32686506610287763,0.32776679946480747,0.33099115311262867,5.0,0.8343328981543248,0.0016372890295515558,0.833192370875118,0.8334025729878602,0.8336176885484748,0.8342830226658884,0.8371688356942824,5.0,0.8848821095430208,0.0037538503740315358,0.8803418719224606,0.883017734665702,0.8844380514497218,0.8862295978094953,0.8903832918677241
resnetv2,derm5,5.0,0.15539357949333252,0.006134996345365743,0.14730654275128086,0.1510420922095361,0.15765106540159643,0.15832839627903497,0.16263980082521423,5.0,0.25778579231287585,0.009760041427577117,0.24451872819204695,0.25135564051862314,0.26180542885970204,0.26211594502545654,0.26913321896855064,5.0,0.293447019899856,0.015327608221327591,0.271950273225552,0.2888193807059059,0.2914773628038606,0.30212282369215,0.31286525907181145,5.0,0.3234955482499574,0.008561889850967943,0.3114570805440797,0.31817546045920025,0.325724950683852,0.33052164494723835,0.33159860461541674,5.0,0.866806062630344,0.005383684487739685,0.8578265765747869,0.8665247025247662,0.8679590375939449,0.8701431431605786,0.8715768532976442,5.0,0.88527101264064,0.00545932478553948,0.875700110728866,0.8860793812352931,0.8875575698502124,0.8878910168269116,0.8891269845619166
resnetv2,derm6,5.0,0.14857425116982276,0.00678954437432327,0.13899206458187516,0.14486073676583386,0.1495891315993547,0.15363209434467384,0.1557972285573762,5.0,0.2500211349038858,0.010340478316001626,0.23586101941720664,0.2435999629221702,0.25186419922311387,0.2575188489363699,0.2612616440205681,5.0,0.3070934643394428,0.020364891397254278,0.27862268430170306,0.29688429130813343,0.30870330597960277,0.32041246283766733,0.33084457727010713,5.0,0.332203367002274,0.012613372601099047,0.3169841511114322,0.3209998203436996,0.3367702388516776,0.34000494178887963,0.34625768291568093,5.0,0.849955240052015,0.005722632216633336,0.8435065427283284,0.8472969817739567,0.8480828116452684,0.8523984078925076,0.8584914562200137,5.0,0.8781798938838217,0.009002333096869377,0.865088222919031,0.8744984011753125,0.8782772442099358,0.8862246154164828,0.8868109856983463
resnetv2,derm7,5.0,0.16875155635857164,0.008653602557145272,0.15401499837379992,0.16826759620243756,0.1726790250077736,0.17318410071015036,0.1756120614986968,5.0,0.27465376901223265,0.013486242628145854,0.2517860815973467,0.27373077521874634,0.28077272759107064,0.2812373679959206,0.2857418926580789,5.0,0.31496587081257543,0.025533495792874165,0.2752940406773912,0.30853368207191817,0.31771831967942604,0.33187955620336673,0.3414037554307753,5.0,0.3601660978183283,0.011369070229367471,0.3432439449863315,0.3553580738507856,0.3618578345686444,0.36878618104767963,0.3715844546382005,5.0,0.8859357488264665,0.006398004179104272,0.8765109344169907,0.8830964682369793,0.8868174507716917,0.8908230937347741,0.8924307969718975,5.0,0.8929856260025429,0.006732560717277773,0.8847074311928219,0.8886111296442591,0.8945598909699015,0.8946647423539518,0.9023849358517806
resnetv2,derm8,5.0,0.1912204598076399,0.011873905308493943,0.17411059659013625,0.1840243534214669,0.19576034343600654,0.1997867792277356,0.20242022636285426,5.0,0.30768645269657824,0.01673990462208979,0.28380528227327795,0.29729813334910027,0.31361444234769736,0.3201383700777181,0.3235760354350974,5.0,0.4106130071697648,0.019678882028513943,0.3821298477653618,0.3982414943287476,0.421658102048157,0.422485526104107,0.4285500656024508,5.0,0.34280340987235236,0.01751658213494452,0.32351012598220125,0.3259564710311554,0.34586353735994396,0.3566266840156616,0.3620602309727998,5.0,0.8278248257424377,0.006018773019906085,0.822497213821291,0.8246071437905031,0.8249509202532053,0.8294904670326558,0.8375783838145326,5.0,0.9007810330130257,0.005163263358967194,0.8927874944751615,0.898757833286929,0.9027789173450758,0.9036713961797939,0.9059095237781684
vgg,derm1,5.0,0.13717723986652447,0.009920777650139696,0.1272662883396936,0.13175262324720322,0.1356667566475706,0.13779457505279205,0.15340595604536292,5.0,0.22651056429201413,0.014340006687858058,0.21147416774168074,0.21837781252925972,0.22483118055424553,0.22847626462950288,0.24939339600538185,5.0,0.22732246549684346,0.008543905817066733,0.2184053230075153,0.2226150081331406,0.22409940100510334,0.23138695828219927,0.2401056370562586,5.0,0.31373603323671295,0.024932288021693012,0.2934771412302974,0.295176088797618,0.30151796530062197,0.32742406462862783,0.3510849062263996,5.0,0.8917303763909402,0.006258456185248778,0.885992191022935,0.8864652099690715,0.8904347927879704,0.8948209305750022,0.900938757599722,5.0,0.8517543253767424,0.013620942465413679,0.829074947012686,0.852456920103621,0.85336848132484,0.8589904185481118,0.8648808598944533
vgg,derm2,5.0,0.15630876697696822,0.01013537483337306,0.14643030216804068,0.14935945065252113,0.15273385292466604,0.1618137738777215,0.1712064552618919,5.0,0.25399927071835426,0.013969937867840536,0.24080248137781324,0.24485874030532093,0.2473384905825914,0.26310753127824177,0.27388911004780386,5.0,0.28208281941689267,0.015604126786468164,0.2649626974000411,0.2710329815560837,0.28250023125684914,0.2866456246267037,0.3052725622447859,5.0,0.3315486583545863,0.028374187514621094,0.307642089225201,0.3162081105717633,0.3180522058553996,0.3374213537213128,0.3784195323992549,5.0,0.8690519354939976,0.010349660973896403,0.8529120407433053,0.8674321172280642,0.8690231537996493,0.8760586163085121,0.879833749390457,5.0,0.857400743289805,0.011859569247786209,0.8386382466428197,0.8527754143579587,0.8630686972069802,0.8661026358413738,0.866418722399892
vgg,derm3,5.0,0.15713991991577406,0.014043593027113083,0.1389093717482452,0.15289645918813397,0.15543951403104925,0.16075843112917992,0.177695823482262,5.0,0.25519457734372497,0.019697466145669345,0.23006959777742234,0.24822415031193787,0.25267185929292174,0.2609594234635178,0.28404785587282505,5.0,0.2929416940402262,0.014979455971185825,0.26777555938767267,0.2943955331833863,0.2952998385177316,0.2998420186613526,0.30739552045098767,5.0,0.28799683191240616,0.03371498661380717,0.2495790126615051,0.26589110346804784,0.28094815237027476,0.3106132903612288,0.33295260070097416,5.0,0.8341632166011033,0.004022868912566981,0.8294445011738888,0.8301648132275298,0.836196970957562,0.837432251043956,0.8375775466025799,5.0,0.8475539561846942,0.010992537961717496,0.8291837414695856,0.8478693719211503,0.849141592913183,0.8538285859417026,0.8577464886778493
vgg,derm4,5.0,0.14338100781528335,0.010668282217170227,0.13139698873606115,0.13919459100671097,0.1411328927867249,0.14486271403198,0.16031785251493963,5.0,0.23801804848664698,0.014960822182173972,0.2216842152800141,0.231534482889438,0.23518817182663407,0.239670864849472,0.2620125075876768,5.0,0.27208917858738146,0.011272328899254126,0.2561081630564569,0.2688207408434237,0.272619845112987,0.27567328162636556,0.2872238622976744,5.0,0.29503493566038086,0.030461202818177918,0.26425952377510353,0.277421794272079,0.2789997642237839,0.319441162023426,0.33505243400751206,5.0,0.8536968292533276,0.006771609199035549,0.8456459094090937,0.8487316676247388,0.8548383352842329,0.8563067443426081,0.8629614896059641,5.0,0.8568292424101444,0.009609662694263756,0.8404623679586744,0.8558630649326533,0.8620737790803247,0.8628339734905403,0.8629130265885293
vgg,derm5,5.0,0.12338954098232136,0.008304727692188268,0.11404315901069573,0.11556795948369102,0.12497552599052703,0.1298714006887774,0.1324896597379156,5.0,0.20595370324244397,0.01137862441581094,0.19301028216654753,0.19534749357150594,0.20801470379823034,0.21552750464352993,0.21786853203240603,5.0,0.2165314139529039,0.009860586861725648,0.2049680859197612,0.20742125120455399,0.22053010074484564,0.22193581130891377,0.22780182058644485,5.0,0.2793473592522761,0.02940719854073888,0.2514283901141506,0.2589858767950196,0.2660327013145459,0.300377221781969,0.3199126062556955,5.0,0.871886987796102,0.007121106805146053,0.8649532405836377,0.8653329828169144,0.8706116821840053,0.8784911896802504,0.8800458437157014,5.0,0.8404620145969173,0.009319184439567337,0.825538513633069,0.8378342969345675,0.8440602673937361,0.8455042066291434,0.8493727883940704
vgg,derm6,5.0,0.1422254897586746,0.007820696477646915,0.13326140555793567,0.13759514071387258,0.140309753037529,0.1469060420649451,0.15305510741909084,5.0,0.23892746107310928,0.011968138878736873,0.22549652352535307,0.2315033370297695,0.23577505883346841,0.2464971828403304,0.25536520313662503,5.0,0.25616971031737784,0.006124500588971756,0.24979021410733024,0.25180038349270484,0.25626498354103977,0.25740436460598115,0.2655886058398332,5.0,0.3223539594774943,0.020680607377557492,0.3002203292338053,0.3049580839322539,0.32218395801664607,0.3341358238544244,0.35027160235034155,5.0,0.8533573558140214,0.008785875255810913,0.8425711170847565,0.8470497814178389,0.8549589565672441,0.8572260576951353,0.8649808663051318,5.0,0.8389418443161887,0.012199092307488292,0.8202765691645051,0.8356033216390473,0.840621227646717,0.8454728023565596,0.8527353007741144
vgg,derm7,5.0,0.132990773419087,0.008706410044791451,0.12190914862142345,0.12718714189982097,0.13554351328931086,0.1358272070610048,0.14448685622387483,5.0,0.22125264216900115,0.013206511498070993,0.20454856378213254,0.21182612583216967,0.22510964722747284,0.22660888977479682,0.238169984228434,5.0,0.22292044471526934,0.010761528010786094,0.21060019965758758,0.21199881163554207,0.22785425971620668,0.2317307360252997,0.2324182165417105,5.0,0.32240065968492004,0.03157753801468458,0.2813074546455822,0.3096541638204987,0.313635721810743,0.3465985988457285,0.3608073593020475,5.0,0.886992772485551,0.007664165449569124,0.8819329246658746,0.8823186631286616,0.8849031108702099,0.885379865821073,0.900429297941936,5.0,0.8473700145586843,0.011287410371690598,0.8291425500910756,0.8443064810632172,0.8519761499881839,0.8537646225887606,0.8576602690621842
vgg,derm8,5.0,0.1680024509759926,0.008500750835332584,0.15558725931931625,0.16497559182377933,0.16988789599796822,0.17088803530162955,0.17867347243726953,5.0,0.2705650529853452,0.010517086154914292,0.2557202977615231,0.26656299299432396,0.27262181614589814,0.2734432880865475,0.2844768699384334,5.0,0.32258923922559835,0.013516713394214902,0.3059314682011552,0.3162007785827723,0.31989586726472985,0.3293765025461076,0.3415415795332267,5.0,0.3246915384489654,0.03680564823953592,0.28230765529574947,0.30605876774439583,0.3141369454406428,0.3431216418451656,0.3778326819188732,5.0,0.8430873543968846,0.01587040446247992,0.8184397792465188,0.8375594269879427,0.848776573440958,0.851014146107665,0.8596468462013394,5.0,0.8630907336398475,0.011183706053293033,0.8450755558163586,0.8600779024933365,0.8682965648250965,0.8683179812961307,0.8736856637683151
xception,derm1,5.0,0.19462223472953474,0.0040056853451706665,0.19026495612931354,0.19091913888369233,0.19478670285682986,0.19819365991363766,0.19894671586420035,5.0,0.31035292343733084,0.005858613359922986,0.30411247182993484,0.3050359878402955,0.3101885142690994,0.31539130228610296,0.31703634096122135,5.0,0.30772397928850015,0.010096998768949823,0.29596411952499774,0.30032897361322636,0.30905485429049434,0.31143027665982265,0.32184167235395944,5.0,0.4518573167805785,0.010354424608086521,0.43817034952346473,0.4457507637124636,0.4521126151240878,0.45904794600501925,0.46420490953785726,5.0,0.8975808079561848,0.0031454558972692863,0.8938542724499888,0.894634389930481,0.8986281493815603,0.9001857134350234,0.9006015145838702,5.0,0.8520745189018643,0.0038308553397178704,0.8483920956046485,0.8489288910535215,0.8509575610817208,0.8549430722692428,0.8571509745001882
xception,derm2,5.0,0.2265422472680659,0.005773203138128761,0.21983756693484277,0.22320366649575007,0.22553129521352738,0.22932155476505456,0.23481715293115477,5.0,0.3523837089984509,0.008042265766462903,0.34363257389113144,0.3461893704810212,0.35206184650811717,0.35633562558349535,0.3636991285284895,5.0,0.35436243245624965,0.01664468295091731,0.33343418896544286,0.343020882837991,0.35891518213440843,0.3599530952927384,0.37648881305066767,5.0,0.5232209862718485,0.011076579866011646,0.512714862843036,0.5138208630608025,0.5207262038473871,0.5302445073091249,0.538598494298892,5.0,0.8913806780964609,0.008904804331400418,0.8846497962487522,0.8846819530180831,0.8895998359917091,0.8916321894635221,0.9063396157602387,5.0,0.8592049840943863,0.006833853121349368,0.8500892073217289,0.8547973704929895,0.8611634317316466,0.8623824331300567,0.8675924777955103
xception,derm3,5.0,0.24395089624183272,0.00451094711472848,0.23824317899281441,0.24121232769981496,0.2433809393033809,0.24804331684687797,0.24887471836627528,5.0,0.37653597075869694,0.0056246189060053095,0.36967668524304803,0.3728268008670176,0.37589194146101895,0.3810324987528244,0.38325192746957576,5.0,0.4295364243832352,0.009118340011008244,0.41559397662476083,0.4261026297534771,0.43155760504006296,0.43572742043045554,0.4387004900674193,5.0,0.45989142955424567,0.007675372574552523,0.4471311203773312,0.46030423176303603,0.4609781156844753,0.46351366281946244,0.4675300171269234,5.0,0.8471685948917868,0.006118727829538741,0.8415468379953933,0.8443863676481524,0.8454095661306587,0.8469740808641301,0.8575261218205998,5.0,0.8712530081893217,0.003954719116697375,0.8649443780999302,0.8708187712201431,0.8719611199859955,0.8728809111055615,0.8756598605349782
xception,derm4,5.0,0.21535180590371775,0.004045107871560557,0.20938915814514786,0.21497467683514923,0.21573029567696755,0.21589888517578576,0.22076601368553825,5.0,0.3386397088524237,0.0049799178262755804,0.33107443459945823,0.3378510035943437,0.3395567802329608,0.3398235944601973,0.34489273137515863,5.0,0.3803757918219786,0.012974177620970043,0.3630283911924349,0.37503624903750743,0.3815392113354483,0.38369142966303016,0.398583677881472,5.0,0.4409064248875227,0.013070174272759295,0.4270000936407839,0.42848667076396874,0.4414328618279635,0.45266751835214003,0.4549449798527572,5.0,0.8546475030234026,0.013859510570942663,0.8382999534493433,0.8485747613774036,0.8542621318257059,0.8559501873330368,0.8761504811315235,5.0,0.8688415928443144,0.004668320083007362,0.861477848671285,0.8683853722591407,0.8694514516506463,0.8706612547651563,0.8742320368753433
xception,derm5,5.0,0.21694553387522406,0.004533560246324621,0.2096034066473388,0.21584418085724602,0.21871440584790866,0.21936393718157815,0.22120173884204875,5.0,0.34145486039891515,0.006999883422396983,0.3295339883103613,0.34097893937134893,0.3449475515904794,0.344953136694047,0.34686068602833925,5.0,0.34184264137829146,0.009096033898803096,0.3264169924700053,0.3431628259856333,0.3432582804008633,0.3460973467940803,0.3502777612408753,5.0,0.5143053010931228,0.010352440374932244,0.501165443085247,0.5054077680749082,0.5192249966028732,0.5211093025923532,0.5246189951102325,5.0,0.8907205522773476,0.0033192849755237512,0.8850356214104975,0.8909771915637489,0.891424894121263,0.8929553258857406,0.8932097284054875,5.0,0.8541331816954081,0.004102049450199173,0.8483015734990019,0.8531347580422508,0.8537414854917939,0.8560015430868503,0.8594865483571439
xception,derm6,5.0,0.19644671503679956,0.002160958615780508,0.1933394175744765,0.19578331650348288,0.19616848377039037,0.19807795176207588,0.19886440557357224,5.0,0.31455458982749884,0.0025160522847844278,0.31091594669998757,0.3134408239052904,0.3147112739646475,0.3164939941932275,0.3172109103743411,5.0,0.33005285140764895,0.00589240449788623,0.32391601144450854,0.327321472863968,0.3296261452892691,0.3296813198181207,0.3397193076223784,5.0,0.46092529610951577,0.004124847934849731,0.45577957835193394,0.4596933063873214,0.4597667785393564,0.4624216510479172,0.46696516622105,5.0,0.8709965422737206,0.004680921147010657,0.8640757914337867,0.8702067687270183,0.8709558476714361,0.8727412830794938,0.8770030204568678,5.0,0.8575187994701989,0.004010546558899473,0.851940107362142,0.8549211954587317,0.858665581805553,0.8605610942887171,0.8615060184358505
xception,derm7,5.0,0.22177321329225502,0.006836773022884014,0.2120997441902835,0.2188897308759741,0.22169794634414433,0.22646401496231225,0.22971463008856094,5.0,0.34484544762099373,0.009283547477927276,0.33218815057175466,0.3400059074657279,0.3452015145169385,0.3507626355933048,0.3560690299572428,5.0,0.3447543108518751,0.01208971192129217,0.3297497308872889,0.3336477587933489,0.35222499206023744,0.35225693649425943,0.35589213602424075,5.0,0.5145286607562619,0.0028155701547947962,0.5111667976754793,0.5124359532398742,0.5148638996437632,0.5159025717092082,0.5182740815129849,5.0,0.9008819631184105,0.006047779186148744,0.8942083698268755,0.8963632544660947,0.901504484958657,0.9026243048027611,0.9097094015376639,5.0,0.8627664854160377,0.005289891687797055,0.8556319383975607,0.8602747851847078,0.8634412406457863,0.8645681347785831,0.8699163280735509
xception,derm8,5.0,0.2586391780832994,0.008681640594485207,0.2440383685541969,0.2580138628289588,0.2621409541332757,0.2626417471883372,0.2663609577117284,5.0,0.3919351216683299,0.011008316185444992,0.3734098969397022,0.3914922025869156,0.3950577179153407,0.3981171088046625,0.4015986820950284,5.0,0.4527030364471322,0.013293232473693468,0.4327939202885529,0.4459087859816657,0.45804476394474186,0.4614330219512137,0.4653346900694869,5.0,0.4944223567273015,0.01285876455628315,0.47468515586229987,0.4917466272197646,0.49624330863329524,0.49975125310632296,0.509685438814825,5.0,0.8492885522029457,0.007186014998287552,0.838847582746021,0.8471356490527611,0.8501127203414467,0.8517848806961326,0.8585619281783674,5.0,0.8759000737637335,0.005256173321992236,0.8667636519540406,0.8761867909200036,0.8782298237110585,0.8787923676597713,0.879527734573793
